iata_code,ident,type,name,iso_region,municipality,coordinates
AAT,ZWAT,medium_airport,Altay Xuedu Airport,CN-65,Altay,"47.749886, 88.085808"
ACF,ZWAL,small_airport,Aral Tarim Airport,CN-65,Aral,"40.434748, 81.26206"
ACX,ZUYI,medium_airport,Xingyi Wanfenglin Airport,CN-52,Xingyi,"25.083423, 104.960804"
AEB,ZGBS,medium_airport,Baise (Bose) Bama Airport,CN-45,Baise (Tianyang),"23.7206, 106.959999"
AEQ,AEQ,small_airport,Ar Horqin Airport,CN-15,Chifeng,"43.908407, 120.15099"
AHJ,ZUHY,medium_airport,Hongyuan Airport,CN-51,Ngawa (Hongyuan),"32.53154, 102.35224"
AKA,ZLAK,small_airport,Ankang Fuqiang Airport,CN-61,Ankang (Hanbin),"32.75696, 108.87338"
AKU,ZWAK,medium_airport,Aksu Hongqipo Airport,CN-65,Aksu (Onsu),"41.262501, 80.291702"
AOG,ZYAS,medium_airport,Anshan Teng'ao Airport / Anshan Air Base,CN-21,Anshan,"41.105301, 122.853996"
APJ,CN-0354,medium_airport,Ali Pulan Airport,CN-54,Burang Town,"30.397898, 81.13317"
AQG,ZSAQ,medium_airport,Anqing Tianzhushan Airport / Anqing North Air Base,CN-34,Anqing,"30.582199, 117.050003"
AVA,ZUAS,medium_airport,Anshun Huangguoshu Airport,CN-52,Anshun (Xixiu),"26.260556, 105.873333"
AXF,AXF,medium_airport,Alxa Left Banner Bayanhot Airport,CN-15,Bayanhot,"38.748317, 105.58416"
AYN,ZHAY,small_airport,Anyang Yindu Airport,CN-41,Anyang,"36.1339, 114.344002"
AZJ,ZSDL,small_airport,Zhenjiang Dalu Airport,CN-32,Zhenjiang,"32.23649, 119.718683"
BAR,ZJQH,medium_airport,Qionghai Bo'ao Airport,CN-46,Qionghai (Basuo),"19.140951, 110.452766"
BAV,ZBOW,large_airport,Baotou Donghe International Airport,CN-15,Baotou,"40.560001, 109.997002"
BCJ,ZUBC,small_airport,Beichuan Yongchang Airport,CN-51,Mianyang,"31.581474, 104.459701"
BFJ,ZUBJ,medium_airport,Bijie Feixiong Airport,CN-52,Bijie,"27.267066, 105.472097"
BFU,ZSBB,medium_airport,Bengbu Renheji Airport,CN-34,Bengbu,"32.847733, 117.320244"
BFY,CN-0476,medium_airport,Bengbu Tenghu Airport,CN-34,Bengbu,"33.166292, 117.058344"
BHY,ZGBH,medium_airport,Beihai Fucheng Airport,CN-45,Beihai,"21.538659, 109.293683"
BKV,CN-0414,small_airport,Bailing Airport,CN-15,Bailingmiao,"41.656944, 110.3125"
BPE,ZBDH,medium_airport,Qinhuangdao Beidaihe Airport,CN-13,Qinhuangdao (Changli),"39.666384, 119.061384"
BPL,ZWBL,medium_airport,Bole Alashankou Airport,CN-65,Bole,"44.895461, 82.30007"
BPX,ZUBD,medium_airport,Qamdo Bangda Airport,CN-54,Bangda,"30.553600311279297, 97.1082992553711"
BSD,ZPBS,medium_airport,Baoshan Yunrui Airport,CN-53,Baoshan (Longyang),"25.053301, 99.168297"
BZJ,CN-0413,small_airport,Bozhou Airport (under construction),CN-34,Bozhou,"33.560777, 115.911859"
BZX,CN-0062,medium_airport,Bazhong Enyang Airport,CN-51,Bazhong,"31.73842, 106.644872"
CAN,ZGGG,large_airport,Guangzhou Baiyun International Airport,CN-44,Guangzhou (Huadu),"23.392401, 113.299004"
CBZ,CN-0218,small_airport,Binzhou Dagao General Aviation Airport,CN-37,Binzhou,"37.61055, 117.885699"
CDE,ZBCD,medium_airport,Chengde Puning Airport,CN-13,Chengde,"41.1225, 118.073889"
CGD,ZGCD,medium_airport,Changde Taohuayuan Airport,CN-43,Changde (Dingcheng),"28.9189, 111.639999"
CGO,ZHCC,large_airport,Zhengzhou Xinzheng International Airport,CN-41,Zhengzhou,"34.526497, 113.849165"
CGQ,ZYCC,large_airport,Changchun Longjia International Airport,CN-22,Changchun,"43.996201, 125.684998"
CHG,ZYCY,medium_airport,Chaoyang Airport,CN-21,"Shuangta, Chaoyang","41.538101, 120.434998"
CIF,ZBCF,medium_airport,Chifeng Yulong Airport,CN-15,Chifeng,"42.159723, 118.840971"
CIH,ZBCZ,small_airport,Changzhi Wangcun Airport,CN-14,Changzhi,"36.247501, 113.125999"
CKG,ZUCK,large_airport,Chongqing Jiangbei International Airport,CN-50,Chongqing,"29.712254, 106.651895"
CNI,ZYCH,small_airport,Changhai Dachangshandao Airport,CN-21,Dalian (Changhai),"39.266441, 122.66696"
CQW,ZUWL,medium_airport,Chongqing Xiannüshan Airport,CN-50,Wulong,"29.465658, 107.693664"
CSX,ZGHA,large_airport,Changsha Huanghua International Airport,CN-43,Changsha (Changsha),"28.189199, 113.220001"
CTU,ZUUU,large_airport,Chengdu Shuangliu International Airport,CN-51,Chengdu (Shuangliu),"30.558257, 103.945966"
CWJ,ZPCW,medium_airport,Cangyuan Washan Airport,CN-53,Lincang (Cangyuan),"23.276331, 99.373169"
CZX,ZSCG,medium_airport,Changzhou Benniu International Airport,CN-32,Changzhou,"31.920485, 119.77546"
DAT,ZBDT,large_airport,Datong Yungang International Airport,CN-14,Datong,"40.06139, 113.480509"
DAX,ZUDX,small_airport,Dachuan Airport,CN-51,Dazhou (Daxian),"31.1302, 107.4295"
DBC,ZYBA,medium_airport,Baicheng Chang'an Airport,CN-22,Baicheng,"45.505278, 123.019722"
DCY,ZUDC,medium_airport,Daocheng Yading Airport,CN-51,Garzê (Daocheng),"29.31632, 100.060317"
DDG,ZYDD,medium_airport,Dandong Langtou International Airport,CN-21,Dandong (Zhenxing),"40.025453, 124.28669"
DDR,CN-0236,medium_airport,Shigatse Tingri Airport,CN-54,Xigazê (Dingri),"28.604567, 86.798"
DEJ,ZUDJ,medium_airport,Tongren Dejiang Airport (Under Construction),CN-52,Tongren,"28.121, 108.1631"
DEQ,DEQ,small_airport,Deqing Moganshan Airport,CN-33,Huzhou,"30.504264, 120.107388"
DFA,CN-0073,small_airport,Shangluo Airport,CN-61,Shangluo (Danfeng),"33.708533, 110.249284"
DHH,ZWLK,medium_airport,Barkol Dahe Airport,CN-65,Barkol,"43.756544, 93.137164"
DIG,ZPDQ,medium_airport,Diqing Shangri-La Airport,CN-53,Diqing (Shangri-La),"27.7936, 99.6772"
DLC,ZYTL,large_airport,Dalian Zhoushuizi International Airport,CN-21,Dalian (Ganjingzi),"38.965719, 121.538477"
DLU,ZPDL,medium_airport,Dali Fengyi Airport,CN-53,Dali (Xiaguan),"25.649401, 100.319"
DNH,ZLDH,large_airport,Dunhuang Mogao International Airport,CN-62,Dunhuang,"40.161953, 94.812827"
DOY,ZSDY,medium_airport,Dongying Shengli Airport,CN-37,Dongying (Kenli),"37.50137, 118.789863"
DQA,ZYDQ,small_airport,Daqing Sartu Airport,CN-23,Daqing,"46.750883, 125.138642"
DSN,ZBDS,large_airport,Ordos Ejin Horo International Airport,CN-15,Ordos,"39.493514, 109.8599"
DTU,ZYDU,medium_airport,Wudalianchi Dedu Airport,CN-23,Heihe,"48.441037, 126.128374"
DWS,CN-0157,small_airport,Morin Dawa Banner Airport,CN-15,Hulunbuir,"48.38745, 124.43127"
DXJ,ZGXX,small_airport,Xiangxi Biancheng Airport,CN-43,Xiangxi,"28.4972, 109.5218"
DYG,ZGDY,large_airport,Zhangjiajie Hehua International Airport,CN-43,Zhangjiajie (Yongding),"29.104749, 110.442786"
DZH,ZUDA,medium_airport,Dazhou Jinya Airport,CN-51,Dazhou (Dachuan),"31.048815, 107.435646"
DZU,ZUDZ,small_airport,Dazu Air Base,CN-50,Dazu,"29.636227, 105.773621"
EHU,ZHEC,large_airport,Ezhou Huahu International Airport,CN-42,Ezhou,"30.341178, 115.03926"
EJN,EJN,small_airport,Ejin Banner Taolai Airport,CN-15,Ejin Banner,"42.0155, 101.0005"
ENH,ZHES,medium_airport,Enshi Xujiaping Airport,CN-42,Enshi (Enshi),"30.320299, 109.485001"
ENY,ZLYA,medium_airport,Yan'an Nanniwan Airport,CN-61,Yan'an (Baota),"36.479413, 109.464083"
ERL,ZBER,medium_airport,Erenhot Saiwusu International Airport,CN-15,Erenhot,"43.424079, 112.091081"
FOC,ZSFZ,large_airport,Fuzhou Changle International Airport,CN-35,Fuzhou (Changle),"25.929254, 119.672524"
FUG,ZSFY,medium_airport,Fuyang Xiguan Airport,CN-34,"Yingzhou, Fuyang","32.882157, 115.734364"
FUO,ZGFS,medium_airport,Foshan Shadi Airport,CN-44,Foshan (Nanhai),"23.0825, 113.070833"
FYJ,ZYFY,medium_airport,Fuyuan Dongji Airport,CN-23,Fuyuan,"48.197219, 134.36298"
FYN,ZWFY,medium_airport,Fuyun Koktokay Airport,CN-65,Fuyun,"46.804169, 89.512006"
GHN,ZUGH,medium_airport,Guanghan Airport,CN-51,Deyang (Guanghan),"30.9485, 104.3296"
GMQ,ZLGL,medium_airport,Golog Maqên Airport,CN-63,Golog (Maqên),"34.418066, 100.301144"
GOQ,ZLGM,medium_airport,Golmud Airport,CN-63,Golmud,"36.4006, 94.786102"
GXH,ZLXH,medium_airport,Gannan Xiahe Airport,CN-62,Gannan (Xiahe),"34.819014, 102.622261"
GYS,ZUGU,medium_airport,Guangyuan Panlong Airport,CN-51,Guangyuan (Lizhou),"32.390254, 105.694571"
GYU,ZLGY,medium_airport,Guyuan Liupanshan Airport,CN-64,Guyuan (Yuanzhou),"36.078889, 106.216944"
GZG,ZUGZ,small_airport,Garze Gesar Airport,CN-51,Garzê (Garzê),"31.7575, 99.554167"
HAK,ZJHK,large_airport,Haikou Meilan International Airport,CN-46,Haikou (Meilan),"19.9349, 110.459"
HBQ,ZLHB,small_airport,Haibei Qilian Airport,CN-63,Haibei (Qilian),"38.008068, 100.645065"
HCJ,ZGHC,medium_airport,Hechi Jinchengjiang Airport,CN-45,Hechi (Jinchengjiang),"24.804344, 107.710819"
HCZ,ZGCZ,medium_airport,Chenzhou Beihu Airport,CN-43,Chenzhou,"25.753419, 112.845404"
HDG,ZBHD,medium_airport,Handan Airport,CN-13,Handan,"36.524824, 114.424126"
HEK,ZYHE,medium_airport,Heihe Aihui Airport,CN-23,Heihe,"50.171621, 127.308884"
HET,ZBHH,large_airport,Hohhot Baita International Airport,CN-15,Hohhot,"40.849658, 111.824598"
HEW,CN-0238,small_airport,Dongyang Hengdian General Airport,CN-33,Jinhua (Dongyang),"29.122619, 120.24289"
HFE,ZSOF,large_airport,Hefei Xinqiao International Airport,CN-34,Hefei,"31.98779, 116.9769"
HGH,ZSHC,large_airport,Hangzhou Xiaoshan International Airport,CN-33,Hangzhou,"30.23609, 120.428865"
HIA,ZSSH,large_airport,Huai'an Lianshui Airport,CN-32,Huai'an,"33.792712, 119.126657"
HJB,CN-0415,small_airport,Hejing Bayinbuluke Airport,CN-65,Hejing,"42.976395, 83.995543"
HJJ,ZGCJ,medium_airport,Huaihua Zhijiang Airport,CN-43,Huaihua,"27.443087, 109.704666"
HLD,ZBLA,large_airport,Hulunbuir Hailar Airport,CN-15,Hailar,"49.208616, 119.822301"
HLH,ZBUL,small_airport,Ulanhot Yilelite Airport,CN-15,Ulanhot,"46.195333, 122.008333"
HLJ,CN-0268,small_airport,Zhaodong Beidahuang General Airport,CN-23,Suihua,"46.12779, 125.77354"
HMI,ZWHM,medium_airport,Hami Airport,CN-65,Hami,"42.8414, 93.669197"
HNG,CN-0117,medium_airport,Hainanzhou Gonghe Airport,CN-63,Hainan (Gonghe),"36.3367, 100.480003"
HNY,ZGHY,small_airport,Hengyang Nanyue Airport,CN-43,Hengyang,"26.72208, 112.617958"
HPG,ZHSN,medium_airport,Shennongjia Hongping Airport,CN-42,Shennongjia (Hongping),"31.626, 110.34"
HQL,CN-0237,medium_airport,Tashikuergan Hongqilafu Airport,CN-65,Tashikuergan,"37.661333, 75.288877"
HQQ,ZHQQ,small_airport,Anyang Hongqiqu Airport,CN-41,Anyang,"35.870833, 114.461944"
HRB,ZYHB,large_airport,Harbin Taiping International Airport,CN-23,Harbin,"45.623402, 126.25"
HSC,CN-0079,medium_airport,Shaoguan Danxia Airport,CN-44,Shaoguan,"24.9786, 113.420998"
HSF,ZYSD,small_airport,Suifenhe Dongning Airport,CN-23,Suifenhe,"44.453889, 130.843889"
HSJ,HSJ,small_airport,Zhengzhou Shangjie Airport,CN-41,Zhengzhou,"34.842153, 113.273983"
HSN,ZSZS,large_airport,Zhoushan Putuoshan International Airport,CN-33,Zhoushan,"29.933874, 122.362307"
HTN,ZWTN,medium_airport,Hotan Airport,CN-65,Hotan,"37.03850173950195, 79.86489868164062"
HTT,ZLHX,medium_airport,Huatugou Airport,CN-63,Mengnai,"38.201645, 90.837843"
HUO,ZBHZ,medium_airport,Holingol Huolinhe Airport,CN-15,Holingol,"45.487222, 119.407222"
HUZ,ZGHZ,medium_airport,Huizhou Pingtan Airport,CN-44,Huizhou (Pingtan),"23.049999, 114.599998"
HXD,ZLDL,medium_airport,Haixi Delingha Airport,CN-63,Delingha,"37.125286, 97.268658"
HYN,ZSLQ,medium_airport,Taizhou Luqiao Airport,CN-33,Taizhou (Luqiao),"28.562201, 121.429001"
HZA,ZSHZ,medium_airport,Heze Mudan Airport,CN-37,Heze (Dingtao),"35.212972, 115.736748"
HZG,ZLHZ,medium_airport,Hanzhong Chenggu Airport,CN-61,Hanzhong (Chenggu),"33.133527, 107.203817"
HZH,ZUNP,medium_airport,Liping Airport,CN-52,Liping,"26.32217, 109.1499"
HZU,HZU,medium_airport,Chengdu Huaizhou Airport,CN-51,Chengdu (Jintang),"30.677339, 104.529397"
INC,ZLIC,large_airport,Yinchuan Hedong International Airport,CN-64,Yinchuan,"38.322758, 106.393214"
IQM,ZWCM,medium_airport,Qiemo Yudu Airport,CN-65,Qiemo,"38.234516, 85.465462"
IQN,ZLQY,medium_airport,Qingyang Xifeng Airport,CN-62,Qingyang (Xifeng),"35.802638, 107.598896"
JBK,CN-0417,small_airport,Qitai Jiangbulake Airport,CN-65,Qitai,"44.166086, 89.55014"
JDE,CN-0253,medium_airport,Jiande Qiandaohu General Airport,CN-33,Hangzhou,"29.360905, 119.180829"
JDZ,ZSJD,medium_airport,Jingdezhen Luojia Airport,CN-36,Jingdezhen,"29.3386, 117.176003"
JGD,ZYJD,medium_airport,Daxing'anling Elunchun Airport,CN-23,Jiagedaqi,"50.371389, 124.1175"
JGN,ZLJQ,large_airport,Jiayuguan International Airport,CN-62,Jiayuguan,"39.859052, 98.339344"
JGS,CN-0081,medium_airport,Jinggangshan Airport,CN-36,Ji'an,"26.856899, 114.737"
JHG,ZPJH,large_airport,Xishuangbanna Gasa International Airport,CN-53,Jinghong (Gasa),"21.974648, 100.762224"
JIC,ZLJC,medium_airport,Jinchang Jinchuan Airport,CN-62,Jinchang,"38.542222, 102.348333"
JIL,ZYJL,small_airport,Jilin Ertaizi Airport,CN-22,Jilin,"44.002652, 126.395244"
JIQ,ZUQJ,medium_airport,Qianjiang Wulingshan Airport,CN-50,Qianjiang,"29.5133333333, 108.831111111"
JIU,ZSJJ,small_airport,Jiujiang Lushan Airport,CN-36,Jiujiang,"29.476944, 115.801111"
JJN,ZSQZ,large_airport,Quanzhou Jinjiang International Airport,CN-35,Quanzhou,"24.795855, 118.588599"
JMJ,ZPJM,medium_airport,Lancang Jingmai Airport,CN-53,Pu'er (Lancang),"22.417733, 99.784012"
JMU,ZYJM,medium_airport,Jiamusi Songjiang International Airport,CN-23,Jiamusi,"46.842793, 130.46426"
JNG,ZSJG,medium_airport,Jining Da'an Airport,CN-37,Jining,"35.647358, 116.743269"
JNH,CN-0154,medium_airport,Jiaxing Nanhu Airport,CN-33,"Xiuzhou, Hangzhou","30.698056, 120.663056"
JNZ,ZYJZ,medium_airport,Jinzhou Bay Airport,CN-21,Jinzhou (Linghai),"40.936032, 121.277114"
JRJ,CN-0347,small_airport,Ganzhou Ruijin Airport,CN-36,Ganzhou,"25.960236, 116.077016"
JSJ,ZYJS,medium_airport,Jiansanjiang Shidi Airport,CN-23,Jiansanjiang,"47.108248, 132.65792"
JUH,JUH,small_airport,Chizhou Jiuhuashan Airport,CN-34,Chizhou,"30.7403, 117.6856"
JUZ,ZSJU,medium_airport,Quzhou Airport,CN-33,Quzhou (Kezheng),"28.96613, 118.898793"
JXA,ZYJX,medium_airport,Jixi Xingkaihu Airport,CN-23,Jixi,"45.293, 131.193"
JZH,ZUJZ,medium_airport,Jiuzhai Huanglong Airport,CN-51,Ngawa (Songpan),"32.853333, 103.682222"
KCA,ZWKC,small_airport,Kuqa Qiuci Airport,CN-65,Kuqa,"41.677856, 82.872917"
KGT,ZUKD,medium_airport,Kangding Airport,CN-51,Garzê (Kangding),"30.142464, 101.73872"
KHG,ZWSH,large_airport,Kashgar Laining International Airport,CN-65,Kashgar,"39.542273, 76.02023"
KHN,ZSCN,large_airport,Nanchang Changbei International Airport,CN-36,Nanchang,"28.864815, 115.90271"
KJH,ZUKJ,medium_airport,Kaili Huangping Airport,CN-52,Kaili  (Huangping),"26.972, 107.988"
KJI,ZWKN,medium_airport,Burqin Kanas Airport,CN-65,Burqin,"48.2223, 86.9959"
KMG,ZPPP,large_airport,Kunming Changshui International Airport,CN-53,Kunming,"25.110313, 102.936743"
KOW,ZSGZ,small_airport,Ganzhou Huangjin Airport,CN-36,Ganzhou,"25.853333, 114.778889"
KRL,ZWKL,medium_airport,Korla Licheng Airport,CN-65,Korla,"41.614979, 86.140817"
KRY,ZWKM,small_airport,Karamay Airport,CN-65,Karamay,"45.46655, 84.9527"
KWE,ZUGY,large_airport,Guiyang Longdongbao International Airport,CN-52,Guiyang (Nanming),"26.541805, 106.80402"
KWL,ZGKL,large_airport,Guilin Liangjiang International Airport,CN-45,Guilin (Lingui),"25.219828, 110.039553"
LCS,CN-0384,small_airport,Longchuan Guangsong Airport,CN-53,Dehong (Longchuan),"24.26652, 97.9048"
LCT,CN-0177,small_airport,Shijiazhuang Luancheng Airport,CN-13,Shijiazhuang,"37.91305, 114.59166"
LCX,ZSLO,medium_airport,Liancheng Guanzhishan Airport,CN-35,Longyan (Liancheng),"25.67592, 116.745907"
LDS,ZYLD,medium_airport,Yichun Lindu Airport,CN-23,Yichun,"47.752056, 129.019125"
LFH,CN-0385,small_airport,Lanping Fenghua General Airport,CN-53,Lanping Bai,"26.64518, 99.54419"
LFQ,ZBLF,medium_airport,Linfen Yaodu Airport,CN-14,Linfen (Yaodu),"36.132629, 111.641236"
LGZ,ZUSH,small_airport,Shannan Longzi Airport,CN-54,Shannan,"28.422422, 92.348082"
LHK,ZHGH,medium_airport,Guangzhou MR Air Base / Guanghua Airport,CN-42,Xiangyang (Laohekou),"32.38866, 111.69425"
LHW,ZLLL,large_airport,Lanzhou Zhongchuan International Airport,CN-62,Lanzhou (Yongdeng),"36.515202, 103.620003"
LIA,ZULP,small_airport,Liangping Airport,CN-50,Liangping,"30.679399, 107.786003"
LIJ,CN-0422,small_airport,Lishui Airport,CN-33,Lishui (Liandu),"28.3727, 119.839"
LJG,ZPLJ,large_airport,Lijiang Sanyi International Airport,CN-53,Lijiang,"26.677483, 100.244944"
LLB,ZULB,small_airport,Libo Airport,CN-52,Qiannan (Libo),"25.4525, 107.961667"
LLF,ZGLG,medium_airport,Yongzhou Lingling Airport,CN-43,Yongzhou,"26.338661, 111.610043"
LLV,ZBLL,medium_airport,Lüliang Dawu Airport,CN-61,Lüliang,"37.683333, 111.142778"
LNJ,ZPLC,medium_airport,Lincang Boshang Airport,CN-53,Lincang,"23.7381, 100.025002"
LNL,ZLLN,medium_airport,Longnan Chengzhou Airport,CN-62,Longnan (Cheng),"33.789918, 105.790014"
LPF,ZUPS,medium_airport,Liupanshui Yuezhao Airport,CN-52,Liupanshui (Zhongshan),"26.609417, 104.979"
LSG,CN-0249,medium_airport,Leshan Airport,CN-51,Leshan (Wutongqiao),"29.438627, 103.749218"
LUM,ZPMS,medium_airport,Dehong Mangshi International Airport,CN-53,Dehong (Mangshi),"24.4011, 98.5317"
LXA,ZULS,large_airport,Lhasa Gonggar International Airport,CN-54,Shannan (Gonggar),"29.298001, 90.911951"
LYA,ZHLY,large_airport,Luoyang Beijiao Airport,CN-41,Luoyang (Laocheng),"34.7411, 112.388"
LYG,ZSLG,large_airport,Lianyungang Huaguoshan International Airport,CN-32,Lianyungang,"34.41406, 119.17899"
LYI,ZSLY,medium_airport,Linyi Qiyang Airport,CN-37,Linyi (Hedong),"35.052918, 118.411828"
LZG,LZG,medium_airport,Langzhong Gucheng Airport,CN-51,Nanchong (Langzhong),"31.50191, 106.034417"
LZH,ZGZH,medium_airport,Liuzhou Bailian Airport / Bailian Air Base,CN-45,Liuzhou (Liujiang),"24.2075, 109.390999"
LZO,ZULZ,medium_airport,Luzhou Yunlong Airport,CN-51,Luzhou (Yunlong),"29.030357, 105.468407"
LZY,ZUNZ,medium_airport,Nyingchi Mainling Airport,CN-54,Nyingchi (Mainling),"29.303301, 94.335297"
MDG,ZYMD,medium_airport,Mudanjiang Hailang International Airport,CN-23,Mudanjiang,"44.525172, 129.568634"
MIG,ZUMY,medium_airport,Mianyang Nanjiao Airport,CN-51,Mianyang (Fucheng),"31.428101, 104.740997"
MXZ,ZGMX,small_airport,Meizhou Meixian Changgangji International Airport,CN-44,Meizhou (Meixian),"24.263425, 116.097857"
NAO,ZUNC,small_airport,Nanchong Gaoping Airport,CN-51,Nanchong (Gaoping),"30.798104, 106.16415"
NAY,CN-0445,small_airport,Beijing Nanyuan Airport,CN-11,Beijing,"39.782158, 116.386299"
NBS,ZYBS,medium_airport,Changbaishan Airport,CN-22,Baishan,"42.066944, 127.602222"
NDG,ZYQQ,large_airport,Qiqihar Sanjiazi Airport,CN-23,Qiqihar,"47.229969, 123.914179"
NGB,ZSNB,large_airport,Ningbo Lishe International Airport,CN-33,Ningbo,"29.82670021057129, 121.46199798583984"
NGQ,ZUAL,medium_airport,Ngari Gunsa Airport,CN-54,Shiquanhe,"32.09794, 80.053971"
NJJ,NJJ,small_airport,Nenjiang Melgen Airport,CN-23,Heihe,"49.236372, 125.337052"
NKG,ZSNJ,large_airport,Nanjing Lukou International Airport,CN-32,Nanjing,"31.735032, 118.865949"
NLH,NLH,medium_airport,Ninglang Luguhu Airport,CN-53,Ninglang,"27.5403, 100.7593"
NLT,ZWNL,medium_airport,Xinyuan Nalati Airport,CN-65,Xinyuan,"43.4318, 83.3786"
NNG,ZGNN,large_airport,Nanning Wuxu International Airport,CN-45,Nanning (Jiangnan),"22.598071, 108.181922"
NNY,ZHNY,small_airport,Nanyang Jiangying Airport,CN-41,Nanyang (Wancheng),"32.982696, 112.617467"
NTG,ZSNT,medium_airport,Nantong Xingdong International Airport,CN-32,Nantong (Tongzhou),"32.073566, 120.980076"
NZH,ZBMZ,medium_airport,Manzhouli Xijiao Airport,CN-15,Manzhouli,"49.566667, 117.33"
NZL,ZBZL,medium_airport,Zhalantun Genghis Khan Airport,CN-15,Zhalantun,"47.865942, 122.768662"
OHE,ZYMH,medium_airport,Mohe Gulian Airport,CN-23,Mohe,"52.916871, 122.422759"
OTO,CN-0427,small_airport,Otog Banner Wulan Airport,CN-15,Wulan,"39.03139, 107.98889"
OTQ,CN-0416,small_airport,Otog Front Banner Oljoq Airport,CN-15,Otog Front Banner,"38.1712, 107.3905"
PEK,ZBAA,large_airport,Beijing Capital International Airport,CN-11,Beijing,"40.077349, 116.596702"
PFA,CN-0193,small_airport,Harbin Pingfang Airport,CN-23,Harbin,"45.59886, 126.65808"
PKX,ZBAD,large_airport,Beijing Daxing International Airport,CN-11,Beijing,"39.501289, 116.413967"
PNJ,CN-0217,small_airport,Penglai Shahekou Airport,CN-37,Yantai,"37.80473, 120.80954"
PVG,ZSPD,large_airport,Shanghai Pudong International Airport,CN-31,Shanghai (Pudong),"31.1434, 121.805"
PZI,ZUZH,medium_airport,Panzhihua Bao'anying Airport,CN-51,Panzhihua (Renhe),"26.54, 101.79852"
QSZ,ZWSC,medium_airport,Shache Airport,CN-65,Shache,"38.24542, 77.056149"
RHT,RHT,small_airport,Alxa Right Banner Badanjilin Airport,CN-15,Badanjilin,"39.225, 101.546"
RIZ,ZSRZ,medium_airport,Rizhao Shanzihe Airport,CN-37,Rizhao (Donggang),"35.405033, 119.324403"
RKZ,ZURK,large_airport,Xigaze Peace Airport / Shigatse Air Base,CN-54,Xigazê (Samzhubzê),"29.350876, 89.299157"
RLK,ZBYZ,medium_airport,Bayannur Tianjitai Airport,CN-15,Bayannur,"40.926358, 107.74093"
RQA,ZWRQ,medium_airport,Ruoqiang Loulan Airport,CN-65,Ruoqiang Town,"38.974722, 88.008333"
RUG,ZSRG,medium_airport,Rugao Air Base,CN-32,Rugao (Nantong),"32.258341, 120.501131"
SHA,ZSSS,large_airport,Shanghai Hongqiao International Airport,CN-31,Shanghai (Minhang),"31.198104, 121.33426"
SHE,ZYTX,large_airport,Shenyang Taoxian International Airport,CN-21,Shenyang,"41.6398, 123.483668"
SHF,ZWHZ,small_airport,Shihezi Huayuan Airport,CN-65,Shihezi,"44.2421, 85.8905"
SHS,ZHJZ,medium_airport,Jingzhou Shashi Airport,CN-42,Jingzhou (Shashi),"30.29281, 112.44854"
SIA,ZLSN,medium_airport,Xi'an Xiguan Airport,CN-61,Xi'an (Baqiao),"34.376701, 109.120003"
SJW,ZBSJ,large_airport,Shijiazhuang Zhengding International Airport,CN-13,Shijiazhuang,"38.280701, 114.696999"
SQD,ZSSR,medium_airport,Shangrao Sanqingshan Airport,CN-36,Shangrao (Hengfeng),"28.3797, 117.9643"
SQJ,ZSSM,medium_airport,Sanming Shaxian Airport,CN-35,Sanming (Sha),"26.4263, 117.8336"
SWA,ZGOW,large_airport,Jieyang Chaoshan International Airport,CN-44,Jieyang (Rongcheng),"23.552, 116.5033"
SXJ,ZWSS,medium_airport,Shanshan Airport,CN-65,Shanshan,"42.911701, 90.247498"
SYM,ZPSM,small_airport,Pu'er Simao Airport,CN-53,Pu'er,"22.793301, 100.959"
SYX,ZJSY,large_airport,Sanya Phoenix International Airport,CN-46,Sanya (Tianya),"18.3029, 109.412003"
SZH,ZBSG,medium_airport,Shuozhou Zirun Airport,CN-14,Shuozhou,"39.273241, 112.691552"
SZV,ZSSZ,medium_airport,Suzhou Guangfu Airport,CN-32,Suzhou,"31.2631, 120.401001"
SZX,ZGSZ,large_airport,Shenzhen Bao'an International Airport,CN-44,Shenzhen,"22.639474, 113.803262"
TAO,ZSQD,large_airport,Qingdao Jiaodong International Airport,CN-37,Qingdao (Jiaozhou),"36.361953, 120.088171"
TCG,ZWTC,small_airport,Tacheng Qianquan Airport,CN-65,Tacheng,"46.672501, 83.340797"
TCZ,ZUTC,medium_airport,Tengchong Tuofeng Airport,CN-53,Baoshan (Tengchong),"24.938056, 98.485833"
TEN,ZUTR,medium_airport,Tongren Fenghuang Airport,CN-52,Tongren (Daxing),"27.883333, 109.308889"
TFU,ZUTF,large_airport,Chengdu Tianfu International Airport,CN-51,Chengdu (Jianyang),"30.31252, 104.441284"
TGO,ZBTL,medium_airport,Tongliao Airport,CN-15,Tongliao,"43.556702, 122.199997"
THQ,ZLTS,medium_airport,Tianshui Maijishan Airport,CN-62,Tianshui (Maiji),"34.5601, 105.860343"
TLQ,ZWTL,medium_airport,Turpan Jiaohe Airport,CN-65,Turpan,"43.0308, 89.0987"
TNA,ZSJN,large_airport,Jinan Yaoqiang International Airport,CN-37,Jinan (Licheng),"36.857201, 117.216003"
TNH,ZYTN,medium_airport,Tonghua Sanyuanpu Airport,CN-22,Tonghua,"42.048435, 125.733963"
TSN,ZBTJ,large_airport,Tianjin Binhai International Airport,CN-12,Tianjin,"39.124401092499994, 117.346000671"
TVS,ZBSN,small_airport,Tangshan Sannühe Airport,CN-13,Tangshan (Fengrun),"39.7178, 118.002625"
TWC,TWC,small_airport,Tumxuk Tangwangcheng Airport,CN-65,Tumxuk,"39.886663, 79.233408"
TXN,ZSTX,large_airport,Huangshan Tunxi International Airport,CN-34,Huangshan,"29.733299, 118.255997"
TYC,CN-0300,small_airport,Taiyuan Yaocheng Airport,CN-14,Taiyuan,"37.50312, 112.424126"
TYN,ZBYN,large_airport,Taiyuan Wusu International Airport,CN-14,Taiyuan,"37.746899, 112.627998"
UCB,ZBUC,medium_airport,Ulanqab Jining Airport,CN-15,Ulanqab,"41.130266, 113.107274"
URC,ZWWW,large_airport,Ürümqi Tianshan International Airport,CN-65,Ürümqi,"43.913584, 87.479372"
UYN,ZLYL,medium_airport,Yulin Yuyang Airport,CN-61,Yulin,"38.35971, 109.590927"
WDS,ZHSY,medium_airport,Shiyan Wudangshan Airport,CN-42,Shiyan (Maojian),"32.592889, 110.906296"
WEF,ZSWF,medium_airport,Weifang Nanyuan Airport,CN-37,Weifang (Kuiwen),"36.646702, 119.119003"
WEH,ZSWH,medium_airport,Weihai Dashuibo Airport,CN-37,Weihai,"37.187099, 122.228996"
WGN,ZGSY,medium_airport,Shaoyang Wugang Airport,CN-43,Shaoyang (Wugang),"26.806123, 110.641042"
WHA,ZSWA,medium_airport,Wuhu Xuanzhou Airport,CN-34,Wuhu,"31.1045, 118.66687"
WHN,CN-0178,medium_airport,Wuhan Hannan Municipal Airport,CN-42,Wuhan (Hannan),"30.25521, 114.062805"
WHU,ZSWU,small_airport,Wuhu Wanli Airport / Wuhu Air Base,CN-34,Wuhu,"31.3906, 118.408997"
WMT,ZUMT,medium_airport,Zunyi Maotai Airport,CN-52,Zunyi,"27.961837, 106.435416"
WNH,ZPWS,small_airport,Wenshan Puzhehei Airport,CN-53,Wenshan,"23.5583, 104.3255"
WNZ,ZSWZ,large_airport,Wenzhou Longwan International Airport,CN-33,Wenzhou (Longwan),"27.910572, 120.853465"
WRH,CN-0329,small_airport,Wuerhe Airport,CN-65,Orku,"46.01761, 85.657436"
WSK,ZUWS,small_airport,Chongqing Wushan Airport,CN-50,Wushan,"31.06896, 109.708958"
WUA,ZBUH,medium_airport,Wuhai Airport,CN-15,Wuhai,"39.7934, 106.7993"
WUH,ZHHH,large_airport,Wuhan Tianhe International Airport,CN-42,Wuhan (Huangpi),"30.774798, 114.213723"
WUS,ZSWY,medium_airport,Nanping Wuyishan Airport,CN-35,Wuyishan,"27.7019, 118.000999"
WUT,ZBXZ,small_airport,Xinzhou Wutaishan Airport,CN-14,Xinzhou,"38.597456, 112.969173"
WUX,ZSWX,large_airport,Sunan Shuofang International Airport,CN-32,Wuxi,"31.496952, 120.43038"
WUZ,ZGWZ,medium_airport,Wuzhou Xijiang Airport,CN-45,Tangbu,"23.40316, 111.09331"
WXN,ZUWX,small_airport,Wanzhou Wuqiao Airport,CN-50,Wanzhou,"30.8017, 108.433"
WZQ,WZQ,small_airport,Urad Middle Banner Airport,CN-15,Urad Middle Banner,"41.460289, 108.539085"
XAI,ZHXY,medium_airport,Xinyang Minggang Airport,CN-41,Xinyang,"32.540819, 114.079141"
XEN,ZYXC,medium_airport,Xingcheng Air Base,CN-21,Huludao (Xingcheng),"40.580328, 120.700374"
XFN,ZHXF,medium_airport,Xiangyang Liuji Airport,CN-42,Xiangyang (Xiangzhou),"32.152222, 112.291666"
XIC,ZUXC,medium_airport,Xichang Qingshan Airport,CN-51,Liangshan (Xichang),"27.9891, 102.183998"
XIL,ZBXH,medium_airport,Xilinhot Airport,CN-15,Xilinhot,"43.91559982299805, 115.96399688720703"
XIN,ZGXN,small_airport,Xingning Air Base,CN-44,Meizhou (Xingning),"24.1492, 115.758003"
XIY,ZLXY,large_airport,Xi'an Xianyang International Airport,CN-61,Xi'an,"34.442207, 108.762385"
XMN,ZSAM,large_airport,Xiamen Gaoqi International Airport,CN-35,Xiamen,"24.543889, 118.127454"
XNN,ZLXN,large_airport,Xining Caojiabao International Airport,CN-63,Haidong (Huzhu Tu Autonomous County),"36.52775, 102.040215"
XNT,ZBXT,small_airport,Xingtai Dalian Airport,CN-13,Xingtai,"36.8831, 114.4293"
XRQ,XRQ,small_airport,New Barag Right Banner Baogede Airport,CN-15,New Barag Right Banner,"48.575585, 116.939382"
XUZ,ZSXZ,medium_airport,Xuzhou Guanyin International Airport,CN-32,Xuzhou,"34.059056, 117.555278"
YBP,ZUYB,medium_airport,Yibin Wuliangye Airport,CN-51,Yibin (Cuiping),"28.858431, 104.526157"
YCU,ZBYC,large_airport,Yuncheng Yanhu International Airport,CN-61,Yuncheng (Yanhu),"35.117823, 111.034023"
YEH,CN-0362,small_airport,Yinchuan Yueyahu Airport,CN-64,Yinchuan,"38.588095, 106.539788"
YGA,YGA,small_airport,Yongchuan Da'an General Airport,CN-50,Chongqing,"29.356667, 106.010441"
YHJ,CN-0423,small_airport,Nanchang Yaohu Airport,CN-36,Nanchang,"28.700972, 116.107694"
YIC,ZSYC,medium_airport,Yichun Mingyueshan Airport,CN-36,Yichun,"27.8025, 114.3062"
YIE,ZBES,medium_airport,Arxan Yi'ershi Airport,CN-15,Arxan,"47.3106, 119.9117"
YIH,ZHYC,medium_airport,Yichang Sanxia Airport,CN-42,Yichang (Xiaoting),"30.554132, 111.482563"
YIN,ZWYN,medium_airport,Ili Yining International Airport,CN-65,Ili (Yining / Ghulja),"43.955799, 81.330299"
YIW,ZSYW,large_airport,Yiwu Airport,CN-33,Yiwu/Jinhua,"29.342095, 120.03116"
YKH,ZYYK,medium_airport,Yingkou Lanqi Airport,CN-21,Yingkou (Laobian),"40.542524, 122.3586"
YLX,ZGYL,medium_airport,Yulin Fumian Airport,CN-45,Yulin,"22.433042, 110.119996"
YNJ,ZYYJ,medium_airport,Yanji Chaoyangchuan Airport,CN-22,Yanji,"42.8828010559, 129.451004028"
YNT,ZSYT,large_airport,Yantai Penglai International Airport,CN-37,Yantai,"37.659724, 120.978124"
YNZ,ZSYN,large_airport,Yancheng Nanyang International Airport,CN-32,Yancheng (Tinghu),"33.428317, 120.20545"
YSQ,ZYSQ,medium_airport,Songyuan Chaganhu Airport,CN-22,Qian Gorlos Mongol Autonomous County,"44.931143, 124.552121"
YTW,ZWYT,small_airport,Yutian Wanfang Airport,CN-65,Hotan (Yutian),"36.8085, 81.7827"
YTY,ZSYA,medium_airport,Yangzhou Taizhou Airport,CN-32,Yangzhou,"32.5634, 119.7198"
YUA,ZPYM,medium_airport,Yuanmou Air Base,CN-53,Chuxiong (Yuanmou),"25.737499, 101.882004"
YUS,ZLYS,medium_airport,Yushu Batang Airport,CN-63,Yushu (Batang),"32.836389, 97.036389"
YYA,ZGYY,medium_airport,Yueyang Sanhe Airport,CN-43,Yueyang (Yueyanglou),"29.311699, 113.281574"
YZY,ZLZY,medium_airport,Zhangye Ganzhou Airport,CN-62,Zhangye (Ganzhou),"38.801899, 100.675003"
ZAT,CN-0421,medium_airport,Zhaotong Zhaoyang Airport,CN-53,Zhaotong,"27.205843, 103.691511"
ZFL,CN-0359,small_airport,Zhaosu Tianma Airport,CN-65,Zhaosu,"43.088477, 81.223013"
ZGN,CN-0412,seaplane_base,Zhongshan Ferry Port,CN-44,Zhongshan,"22.519296, 113.361307"
ZHA,ZGZJ,large_airport,Zhanjiang Wuchuan International Airport,CN-44,Zhanjiang,"21.481667, 110.590278"
ZHY,ZLZW,medium_airport,Zhongwei Shapotou Airport,CN-64,Zhongwei (Shapotou),"37.573125, 105.154454"
ZKL,CN-0051,small_airport,Zigong Fengming Airport,CN-51,Zigong (Gongjing),"29.376484, 104.625789"
ZQZ,ZBZJ,medium_airport,Zhangjiakou Ningyuan Airport,CN-13,Zhangjiakou,"40.738664, 114.933395"
ZUH,ZGSD,large_airport,Zhuhai Jinwan Airport,CN-44,Zhuhai (Jinwan),"22.006399, 113.375999"
ZYI,ZUZY,medium_airport,Zunyi Xinzhou Airport,CN-52,Zunyi,"27.810723, 107.247189"
